{
    "scheduleData": [{
    "Id": 1,
    "Subject": "Explosion of Betelgeuse Star",
    "Location": "Space Centre USA",
    "StartTime": "2019-01-06T04:00:00.000Z",
    "EndTime": "2019-01-06T05:30:00.000Z",
    "CategoryColor": "#1aaa55"
}, {
    "Id": 2,
    "Subject": "Thule Air Crash Report",
    "Location": "Newyork City",
    "StartTime": "2019-01-07T06:30:00.000Z",
    "EndTime": "2019-01-07T08:30:00.000Z",
    "CategoryColor": "#357cd2"
}, {
    "Id": 3,
    "Subject": "Blue Moon Eclipse",
    "Location": "Space Centre USA",
    "StartTime": "2019-01-08T04:00:00.000Z",
    "EndTime": "2019-01-08T05:30:00.000Z",
    "CategoryColor": "#7fa900"
}, {
    "Id": 4,
    "Subject": "Meteor Showers in 2018",
    "Location": "Space Centre USA",
    "StartTime": "2019-01-09T07:30:00.000Z",
    "EndTime": "2019-01-09T09:00:00.000Z",
    "CategoryColor": "#ea7a57"
}, {
    "Id": 5,
    "Subject": "Milky Way as Melting pot",
    "Location": "Space Centre USA",
    "StartTime": "2019-01-10T06:30:00.000Z",
    "EndTime": "2019-01-10T08:30:00.000Z",
    "CategoryColor": "#00bdae"
}, {
    "Id": 6,
    "Subject": "Mysteries of Bermuda Triangle",
    "Location": "Bermuda",
    "StartTime": "2019-01-10T04:00:00.000Z",
    "EndTime": "2019-01-10T05:30:00.000Z",
    "CategoryColor": "#f57f17"
}, {
    "Id": 7,
    "Subject": "Glaciers and Snowflakes",
    "Location": "Himalayas",
    "StartTime": "2019-01-11T05:30:00.000Z",
    "EndTime": "2019-01-11T07:00:00.000Z",
    "CategoryColor": "#1aaa55"
}, {
    "Id": 8,
    "Subject": "Life on Mars",
    "Location": "Space Centre USA",
    "StartTime": "2019-01-12T03:30:00.000Z",
    "EndTime": "2019-01-12T04:30:00.000Z",
    "CategoryColor": "#357cd2"
}, {
    "Id": 9,
    "Subject": "Alien Civilization",
    "Location": "Space Centre USA",
    "StartTime": "2019-01-14T05:30:00.000Z",
    "EndTime": "2019-01-14T07:30:00.000Z",
    "CategoryColor": "#7fa900"
}, {
    "Id": 10,
    "Subject": "Wildlife Galleries",
    "Location": "Africa",
    "StartTime": "2019-01-16T05:30:00.000Z",
    "EndTime": "2019-01-16T07:30:00.000Z",
    "CategoryColor": "#ea7a57"
}, {
    "Id": 11,
    "Subject": "Best Photography 2018",
    "Location": "London",
    "StartTime": "2019-01-17T04:00:00.000Z",
    "EndTime": "2019-01-17T05:30:00.000Z",
    "CategoryColor": "#00bdae"
}, {
    "Id": 12,
    "Subject": "Smarter Puppies",
    "Location": "Sweden",
    "StartTime": "2019-01-04T04:30:00.000Z",
    "EndTime": "2019-01-04T06:00:00.000Z",
    "CategoryColor": "#f57f17"
}, {
    "Id": 13,
    "Subject": "Myths of Andromeda Galaxy",
    "Location": "Space Centre USA",
    "StartTime": "2019-01-02T05:00:00.000Z",
    "EndTime": "2019-01-02T07:00:00.000Z",
    "CategoryColor": "#1aaa55"
}, {
    "Id": 14,
    "Subject": "Aliens vs Humans",
    "Location": "Research Centre of USA",
    "StartTime": "2019-01-01T04:30:00.000Z",
    "EndTime": "2019-01-01T06:00:00.000Z",
    "CategoryColor": "#357cd2"
}, {
    "Id": 15,
    "Subject": "Facts of Humming Birds",
    "Location": "California",
    "StartTime": "2019-01-15T04:00:00.000Z",
    "EndTime": "2019-01-15T05:30:00.000Z",
    "CategoryColor": "#7fa900"
}, {
    "Id": 16,
    "Subject": "Sky Gazers",
    "Location": "Alaska",
    "StartTime": "2019-01-18T05:30:00.000Z",
    "EndTime": "2019-01-18T07:30:00.000Z",
    "CategoryColor": "#ea7a57"
}, {
    "Id": 17,
    "Subject": "The Cycle of Seasons",
    "Location": "Research Centre of USA",
    "StartTime": "2019-01-07T00:00:00.000Z",
    "EndTime": "2019-01-07T02:00:00.000Z",
    "CategoryColor": "#00bdae"
}, {
    "Id": 18,
    "Subject": "Space Galaxies and Planets",
    "Location": "Space Centre USA",
    "StartTime": "2019-01-07T11:30:00.000Z",
    "EndTime": "2019-01-07T13:00:00.000Z",
    "CategoryColor": "#f57f17"
}, {
    "Id": 19,
    "Subject": "Lifecycle of Bumblebee",
    "Location": "San Fransisco",
    "StartTime": "2019-01-10T00:30:00.000Z",
    "EndTime": "2019-01-10T02:00:00.000Z",
    "CategoryColor": "#7fa900"
}, {
    "Id": 20,
    "Subject": "Alien Civilization",
    "Location": "Space Centre USA",
    "StartTime": "2019-01-10T10:30:00.000Z",
    "EndTime": "2019-01-10T12:30:00.000Z",
    "CategoryColor": "#ea7a57"
}, {
    "Id": 21,
    "Subject": "Alien Civilization",
    "Location": "Space Centre USA",
    "StartTime": "2019-01-06T08:30:00.000Z",
    "EndTime": "2019-01-06T10:30:00.000Z",
    "CategoryColor": "#ea7a57"
}, {
    "Id": 22,
    "Subject": "The Cycle of Seasons",
    "Location": "Research Centre of USA",
    "StartTime": "2019-01-08T09:00:00.000Z",
    "EndTime": "2019-01-08T10:30:00.000Z",
    "CategoryColor": "#00bdae"
}, {
    "Id": 23,
    "Subject": "Sky Gazers",
    "Location": "Greenland",
    "StartTime": "2019-01-11T09:00:00.000Z",
    "EndTime": "2019-01-11T10:30:00.000Z",
    "CategoryColor": "#ea7a57"
}, {
    "Id": 24,
    "Subject": "Facts of Humming Birds",
    "Location": "California",
    "StartTime": "2019-01-12T07:00:00.000Z",
    "EndTime": "2019-01-12T09:00:00.000Z",
    "CategoryColor": "#7fa900"
}]
}